{
  "files": {
    "context:test123": {
      "size": 192,
      "created": 1775029464.5609808,
      "last_access": 1775029464.560981,
      "access_count": 1
    },
    "context:855282a2-7035-4158-a0c3-8db65ba05b59": {
      "size": 225,
      "created": 1775033259.1121166,
      "last_access": 1775033259.1121175,
      "access_count": 1
    },
    "context:c6bf9173-e3e6-4f59-a155-396e5a0e3cba": {
      "size": 181,
      "created": 1775034776.3869276,
      "last_access": 1775034776.386928,
      "access_count": 1
    },
    "context:d2f578b3-59a5-440f-a15a-8d3a0990e0b2": {
      "size": 290,
      "created": 1775035849.1129794,
      "last_access": 1775035849.1129797,
      "access_count": 1
    },
    "search:475630792353933511": {
      "size": 1102,
      "created": 1775035489.953178,
      "last_access": 1775035489.9531782,
      "access_count": 1
    },
    "context:2457d5c7-ce08-4792-8726-f613237dfcba": {
      "size": 448,
      "created": 1775038129.6141586,
      "last_access": 1775038129.6141589,
      "access_count": 1
    },
    "context:72fd7438-ef23-4952-b548-632d165b0ec1": {
      "size": 539,
      "created": 1775040002.7305994,
      "last_access": 1775040002.7305996,
      "access_count": 1
    },
    "search:1920528026440506902": {
      "size": 1523,
      "created": 1775039646.0431263,
      "last_access": 1775039646.0431263,
      "access_count": 1
    },
    "context:79b26dae-91db-4fc3-b26e-93d04cda270d": {
      "size": 551,
      "created": 1775041841.3206406,
      "last_access": 1775041841.3206406,
      "access_count": 1
    },
    "context:cb53225f-d888-44cb-ba17-d9bd88300459": {
      "size": 390,
      "created": 1775043099.6385598,
      "last_access": 1775043099.6385603,
      "access_count": 1
    },
    "context:7a27a89b-588f-4a5a-98a1-7ec7f5d69985": {
      "size": 350,
      "created": 1775045933.0103385,
      "last_access": 1775045933.0103388,
      "access_count": 1
    },
    "search:761677165285121686": {
      "size": 1071,
      "created": 1775043946.4488811,
      "last_access": 1775043946.4488816,
      "access_count": 1
    },
    "context:f0f1ae9b-73cd-4753-bb5e-a8c3b15a5845": {
      "size": 8672,
      "created": 1775053277.4391656,
      "last_access": 1775053277.439166,
      "access_count": 1
    },
    "search:4160818143032432041": {
      "size": 1577,
      "created": 1775047652.0412655,
      "last_access": 1775047652.0412657,
      "access_count": 1
    },
    "search:7942612262142223565": {
      "size": 1783,
      "created": 1775050072.7043889,
      "last_access": 1775050072.704389,
      "access_count": 1
    },
    "search:6851259682343836141": {
      "size": 1495,
      "created": 1775052883.5815208,
      "last_access": 1775052883.581521,
      "access_count": 1
    },
    "context:2e0b4a87-e8b7-4efd-a99b-05f7fa879a7e": {
      "size": 386,
      "created": 1775054353.5938046,
      "last_access": 1775054353.593805,
      "access_count": 1
    },
    "search:5190795335876407319": {
      "size": 1577,
      "created": 1775054353.5915716,
      "last_access": 1775054353.591572,
      "access_count": 1
    },
    "context:17f53523-6b59-4d65-884b-2bdd9b9d9ad3": {
      "size": 382,
      "created": 1775066703.4195476,
      "last_access": 1775066703.4195478,
      "access_count": 1
    },
    "search:8752339419376682066": {
      "size": 1577,
      "created": 1775066703.417343,
      "last_access": 1775066703.417343,
      "access_count": 1
    },
    "search:5585598003743672581": {
      "size": 1267,
      "created": 1775066703.4184618,
      "last_access": 1775066703.4184618,
      "access_count": 1
    },
    "context:69ee964a-ed17-4c1f-b064-89ec0ea0d273": {
      "size": 181,
      "created": 1775077910.4239943,
      "last_access": 1775077910.4239948,
      "access_count": 1
    },
    "search:4896978677705634234": {
      "size": 1553,
      "created": 1775077924.314817,
      "last_access": 1775077924.314818,
      "access_count": 1
    },
    "context:d3a0b329-5b34-4d02-9d95-9725250377ad": {
      "size": 338,
      "created": 1775079377.259399,
      "last_access": 1775079377.2593994,
      "access_count": 1
    },
    "search:7743846215797029199": {
      "size": 1577,
      "created": 1775078427.8937018,
      "last_access": 1775078427.8937025,
      "access_count": 1
    },
    "search:1233891970979135952": {
      "size": 2423,
      "created": 1775078459.1279244,
      "last_access": 1775078459.127925,
      "access_count": 1
    },
    "search:8797426863128780567": {
      "size": 1101,
      "created": 1775078976.91724,
      "last_access": 1775078976.9172401,
      "access_count": 1
    },
    "search:5897103800415531680": {
      "size": 1174,
      "created": 1775079261.3125849,
      "last_access": 1775079261.3125858,
      "access_count": 1
    },
    "search:7213310377075653346": {
      "size": 1759,
      "created": 1775079307.6297143,
      "last_access": 1775079307.6297145,
      "access_count": 1
    },
    "search:1265796501461403477": {
      "size": 1138,
      "created": 1775079379.8597565,
      "last_access": 1775079379.8597567,
      "access_count": 1
    },
    "context:2d83a9a4-0237-4f01-9216-96f1b82f3f6d": {
      "size": 304,
      "created": 1775098972.3378043,
      "last_access": 1775098972.3378043,
      "access_count": 1
    },
    "search:2711919394080867640": {
      "size": 1577,
      "created": 1775098972.331952,
      "last_access": 1775098972.3319523,
      "access_count": 1
    },
    "search:5784813306792008899": {
      "size": 2399,
      "created": 1775098972.3364854,
      "last_access": 1775098972.3364856,
      "access_count": 1
    }
  },
  "total_size": 41102,
  "last_updated": 1775098972.3378057
}