{
  "final_quality": 0.7864583333333334,
  "target_quality": 0.85,
  "elapsed_time": 769.1232702732086,
  "metrics": {
    "total_sessions": 5,
    "successful_sessions": 5,
    "total_texts": 100,
    "total_searches": 30,
    "quality_history": [
      0.7370370370370369,
      0.8430232558139535,
      0.6941666666666667,
      0.9008771929824562,
      0.8105691056910569
    ]
  },
  "gpt3_achieved": false,
  "timestamp": 1772667235.1613371
}